group,n,mean_psnr,median_psnr,mean_ssim,median_ssim,mean_blur_score,mean_saturation_ratio,mean_dark_ratio,mean_edge_density
overall,1111,33.71031832043071,33.67066788704727,0.9668136695072953,0.9688689708709717,68.49026164945207,0.02686302516970447,0.05481883735248525,0.03980210130388039
heavy_blur,278,34.54810470506134,34.68723098987375,0.9648984192515448,0.966496467590332,17.787998792326306,0.01882242253072542,0.06163820896407874,0.011424969399480416
light_blur,278,34.161168949209426,34.19741206408992,0.9767009242833089,0.9785600900650024,173.6635071656311,0.03848407992356115,0.04260963104516387,0.08494987993979816
high_saturation_or_dark,436,34.289337851527975,34.36808787607979,0.9742782085860541,0.9763630926609039,78.17334238923088,0.04447466960133155,0.10145723582043198,0.04562143619393475
high_texture,278,33.88409544154165,33.86054354600644,0.9762759954809285,0.9784053564071655,171.57635674958703,0.04106849676508793,0.03646787648006595,0.08644248273256394
low_texture,278,34.00022462636583,34.13309793747384,0.9614112192778279,0.9634870886802673,18.657393353971315,0.01853235770758393,0.0559699310863809,0.010628313755245802
